Epoch,Loss,Cost,Advantage,Time
0,-5.905033588409424,-53.68442153930664,0.43624889850616455,1.1212620735168457
